변수,타입,디바이스,사용 유무,HMI,설명문
SYS_ESTOP_OK,BIT,M0000,0,0,ESTOP_OK
SYS_SAFETY_IN_001_STATUS,BIT,M0001,0,0,SAFETY_IN_001_STATUS
SYS_SAFETY_IN_002_STATUS,BIT,M0002,0,0,SAFETY_IN_002_STATUS
TM_LEAK_DETECT_OK,BIT,M0600,0,0,LEAK_DETECT_OK
IO_AIR_IN_001_OK_FB,BIT,M0400,0,0,AIR_IN_001_OK_FB
IO_GEN_IN_001_STATUS,BIT,M0401,0,0,GEN_IN_001_STATUS
IO_GEN_IN_002_STATUS,BIT,M0402,0,0,GEN_IN_002_STATUS
TM_START_PB,BIT,M0601,0,0,START_PB
SYS_STOP_PB,BIT,M0003,0,0,STOP_PB
SYS_RESET_PB,BIT,M0004,0,0,RESET_PB
TM_INLET_TANK_LEVEL_LOW_OK,BIT,M0602,0,0,INLET_TANK_LEVEL_LOW_OK
TM_INLET_TANK_LEVEL_HIGH_FB,BIT,M0603,0,0,INLET_TANK_LEVEL_HIGH_HIGH_FB
IO_CHEM_TANK_LEVEL_LOW_OK,BIT,M0403,0,0,CHEM_TANK_LEVEL_LOW_OK
IO_CHEM_TANK_LEVEL_HIGH_FB,BIT,M0404,0,0,CHEM_TANK_LEVEL_HIGH_HIGH_FB
IO_NEUTRAL_TANK_LEVEL_LOW_OK,BIT,M0405,0,0,NEUTRAL_TANK_LEVEL_LOW_OK
IO_NEUTRAL_TANK_LEVEL_HIGH_FB,BIT,M0406,0,0,NEUTRAL_TANK_LEVEL_HIGH_HIGH_FB
IO_RINSE_TANK_LEVEL_LOW_OK,BIT,M0407,0,0,RINSE_TANK_LEVEL_LOW_OK
IO_RINSE_TANK_LEVEL_HIGH_FB,BIT,M0408,0,0,RINSE_TANK_LEVEL_HIGH_HIGH_FB
IO_SLUDGE_LINE_PRESSURE_OK,BIT,M0409,0,0,SLUDGE_LINE_PRESSURE_OK
IO_FINAL_FLOW_OK,BIT,M0410,0,0,FINAL_FLOW_OK
IO_PH_IN_RANGE,BIT,M0411,0,0,PH_IN_RANGE
IO_GEN_IN_001_OK_FB,BIT,M0412,0,0,GEN_IN_001_OK_FB
IO_CONVEYOR_01_OK_FB,BIT,M0413,0,0,CONVEYOR_001_OK_FB
IO_GEN_IN_002_OK_FB,BIT,M0414,0,0,GEN_IN_002_OK_FB
IO_BLOWER_001_OL_FB,BIT,M0415,0,0,BLOWER_001_OL_FB
IO_FAN_001_OL_FB,BIT,M0416,0,0,FAN_001_OL_FB
IO_GEN_VALVE_001_OPEN_FB,BIT,M0417,0,0,GEN_VALVE_001_OPEN_FB
IO_GEN_VALVE_001_CLOSE_FB,BIT,M0418,0,0,GEN_VALVE_001_CLOSE_FB
IO_GEN_VALVE_002_OPEN_FB,BIT,M0419,0,0,GEN_VALVE_002_OPEN_FB
IO_GEN_VALVE_002_CLOSE_FB,BIT,M0420,0,0,GEN_VALVE_002_CLOSE_FB
IO_GEN_VALVE_003_OPEN_FB,BIT,M0421,0,0,GEN_VALVE_003_OPEN_FB
IO_GEN_VALVE_004_OPEN_FB,BIT,M0422,0,0,GEN_VALVE_004_OPEN_FB
IO_GEN_VALVE_005_OPEN_FB,BIT,M0423,0,0,GEN_VALVE_005_OPEN_FB
IO_GEN_VALVE_006_OPEN_FB,BIT,M0424,0,0,GEN_VALVE_006_OPEN_FB
IO_GEN_VALVE_007_OPEN_FB,BIT,M0425,0,0,GEN_VALVE_007_OPEN_FB
IO_GEN_VALVE_008_OPEN_FB,BIT,M0426,0,0,GEN_VALVE_008_OPEN_FB
IO_GEN_VALVE_009_OPEN_FB,BIT,M0427,0,0,GEN_VALVE_009_OPEN_FB
IO_GEN_VALVE_010_OPEN_FB,BIT,M0428,0,0,GEN_VALVE_010_OPEN_FB
IO_GEN_VALVE_011_OPEN_FB,BIT,M0429,0,0,GEN_VALVE_011_OPEN_FB
IO_GEN_VALVE_012_OPEN_FB,BIT,M0430,0,0,GEN_VALVE_012_OPEN_FB
IO_GEN_VALVE_013_OPEN_FB,BIT,M0431,0,0,GEN_VALVE_013_OPEN_FB
IO_GEN_VALVE_014_OPEN_FB,BIT,M0432,0,0,GEN_VALVE_014_OPEN_FB
IO_GEN_VALVE_015_OPEN_FB,BIT,M0433,0,0,GEN_VALVE_015_OPEN_FB
IO_GEN_VALVE_016_OPEN_FB,BIT,M0434,0,0,GEN_VALVE_016_OPEN_FB
IO_GEN_VALVE_017_OPEN_FB,BIT,M0435,0,0,GEN_VALVE_017_OPEN_FB
IO_GEN_VALVE_018_OPEN_FB,BIT,M0436,0,0,GEN_VALVE_018_OPEN_FB
IO_GEN_VALVE_019_OPEN_FB,BIT,M0437,0,0,GEN_VALVE_019_OPEN_FB
IO_GEN_VALVE_020_OPEN_FB,BIT,M0438,0,0,GEN_VALVE_020_OPEN_FB
IO_GEN_VALVE_021_OPEN_FB,BIT,M0439,0,0,GEN_VALVE_021_OPEN_FB
IO_GEN_VALVE_022_OPEN_FB,BIT,M0440,0,0,GEN_VALVE_022_OPEN_FB
IO_GEN_VALVE_023_OPEN_FB,BIT,M0441,0,0,GEN_VALVE_023_OPEN_FB
IO_GEN_VALVE_024_OPEN_FB,BIT,M0442,0,0,GEN_VALVE_024_OPEN_FB
IO_GEN_VALVE_025_OPEN_FB,BIT,M0443,0,0,GEN_VALVE_025_OPEN_FB
IO_GEN_VALVE_026_OPEN_FB,BIT,M0444,0,0,GEN_VALVE_026_OPEN_FB
IO_GEN_VALVE_027_OPEN_FB,BIT,M0445,0,0,GEN_VALVE_027_OPEN_FB
IO_GEN_VALVE_028_OPEN_FB,BIT,M0446,0,0,GEN_VALVE_028_OPEN_FB
IO_GEN_VALVE_029_OPEN_FB,BIT,M0447,0,0,GEN_VALVE_029_OPEN_FB
IO_GEN_VALVE_030_OPEN_FB,BIT,M0448,0,0,GEN_VALVE_030_OPEN_FB
IO_GEN_VALVE_031_OPEN_FB,BIT,M0449,0,0,GEN_VALVE_031_OPEN_FB
IO_GEN_VALVE_032_OPEN_FB,BIT,M0450,0,0,GEN_VALVE_032_OPEN_FB
IO_GEN_VALVE_033_OPEN_FB,BIT,M0451,0,0,GEN_VALVE_033_OPEN_FB
IO_GEN_VALVE_034_OPEN_FB,BIT,M0452,0,0,GEN_VALVE_034_OPEN_FB
IO_GEN_VALVE_035_OPEN_FB,BIT,M0453,0,0,GEN_VALVE_035_OPEN_FB
IO_GEN_VALVE_036_OPEN_FB,BIT,M0454,0,0,GEN_VALVE_036_OPEN_FB
IO_GEN_VALVE_037_OPEN_FB,BIT,M0455,0,0,GEN_VALVE_037_OPEN_FB
IO_GEN_VALVE_038_OPEN_FB,BIT,M0456,0,0,GEN_VALVE_038_OPEN_FB
IO_GEN_VALVE_039_OPEN_FB,BIT,M0457,0,0,GEN_VALVE_039_OPEN_FB
IO_GEN_VALVE_040_OPEN_FB,BIT,M0458,0,0,GEN_VALVE_040_OPEN_FB
IO_GEN_VALVE_041_OPEN_FB,BIT,M0459,0,0,GEN_VALVE_041_OPEN_FB
IO_GEN_VALVE_042_OPEN_FB,BIT,M0460,0,0,GEN_VALVE_042_OPEN_FB
IO_GEN_VALVE_043_OPEN_FB,BIT,M0461,0,0,GEN_VALVE_043_OPEN_FB
IO_GEN_VALVE_044_OPEN_FB,BIT,M0462,0,0,GEN_VALVE_044_OPEN_FB
IO_GEN_VALVE_045_OPEN_FB,BIT,M0463,0,0,GEN_VALVE_045_OPEN_FB
IO_GEN_VALVE_046_OPEN_FB,BIT,M0464,0,0,GEN_VALVE_046_OPEN_FB
IO_GEN_VALVE_047_OPEN_FB,BIT,M0465,0,0,GEN_VALVE_047_OPEN_FB
IO_GEN_VALVE_048_OPEN_FB,BIT,M0466,0,0,GEN_VALVE_048_OPEN_FB
IO_MOTOR_01_OL_FB,BIT,M0467,0,0,MOTOR_001_OL_FB
IO_MOTOR_01_RUN_FB,BIT,M0468,0,0,MOTOR_001_RUN_FB
IO_MOTOR_02_OL_FB,BIT,M0469,0,0,MOTOR_002_OL_FB
IO_MOTOR_02_RUN_FB,BIT,M0470,0,0,MOTOR_002_RUN_FB
IO_MOTOR_03_OL_FB,BIT,M0471,0,0,MOTOR_003_OL_FB
IO_MOTOR_03_RUN_FB,BIT,M0472,0,0,MOTOR_003_RUN_FB
IO_MOTOR_04_OL_FB,BIT,M0473,0,0,MOTOR_004_OL_FB
IO_MOTOR_04_RUN_FB,BIT,M0474,0,0,MOTOR_004_RUN_FB
IO_MOTOR_05_OL_FB,BIT,M0475,0,0,MOTOR_005_OL_FB
IO_MOTOR_05_RUN_FB,BIT,M0476,0,0,MOTOR_005_RUN_FB
IO_MOTOR_06_OL_FB,BIT,M0477,0,0,MOTOR_006_OL_FB
IO_MOTOR_06_RUN_FB,BIT,M0478,0,0,MOTOR_006_RUN_FB
IO_MOTOR_07_OL_FB,BIT,M0479,0,0,MOTOR_007_OL_FB
IO_MOTOR_07_RUN_FB,BIT,M0480,0,0,MOTOR_007_RUN_FB
IO_MOTOR_08_OL_FB,BIT,M0481,0,0,MOTOR_008_OL_FB
IO_MOTOR_08_RUN_FB,BIT,M0482,0,0,MOTOR_008_RUN_FB
IO_MOTOR_09_OL_FB,BIT,M0483,0,0,MOTOR_009_OL_FB
IO_MOTOR_09_RUN_FB,BIT,M0484,0,0,MOTOR_009_RUN_FB
IO_MOTOR_10_OL_FB,BIT,M0485,0,0,MOTOR_010_OL_FB
IO_MOTOR_10_RUN_FB,BIT,M0486,0,0,MOTOR_010_RUN_FB
IO_MOTOR_11_OL_FB,BIT,M0487,0,0,MOTOR_011_OL_FB
IO_MOTOR_11_RUN_FB,BIT,M0488,0,0,MOTOR_011_RUN_FB
IO_MOTOR_12_OL_FB,BIT,M0489,0,0,MOTOR_012_OL_FB
IO_MOTOR_12_RUN_FB,BIT,M0490,0,0,MOTOR_012_RUN_FB
IO_MOTOR_13_OL_FB,BIT,M0491,0,0,MOTOR_013_OL_FB
IO_MOTOR_13_RUN_FB,BIT,M0492,0,0,MOTOR_013_RUN_FB
IO_MOTOR_14_OL_FB,BIT,M0493,0,0,MOTOR_014_OL_FB
IO_MOTOR_14_RUN_FB,BIT,M0494,0,0,MOTOR_014_RUN_FB
IO_MOTOR_15_OL_FB,BIT,M0495,0,0,MOTOR_015_OL_FB
IO_MOTOR_15_RUN_FB,BIT,M0496,0,0,MOTOR_015_RUN_FB
IO_MOTOR_16_OL_FB,BIT,M0497,0,0,MOTOR_016_OL_FB
IO_MOTOR_16_RUN_FB,BIT,M0498,0,0,MOTOR_016_RUN_FB
IO_MOTOR_17_OL_FB,BIT,M0499,0,0,MOTOR_017_OL_FB
IO_MOTOR_17_RUN_FB,BIT,M0500,0,0,MOTOR_017_RUN_FB
IO_MOTOR_18_OL_FB,BIT,M0501,0,0,MOTOR_018_OL_FB
IO_MOTOR_18_RUN_FB,BIT,M0502,0,0,MOTOR_018_RUN_FB
IO_MOTOR_19_OL_FB,BIT,M0503,0,0,MOTOR_019_OL_FB
IO_MOTOR_19_RUN_FB,BIT,M0504,0,0,MOTOR_019_RUN_FB
IO_MOTOR_20_OL_FB,BIT,M0505,0,0,MOTOR_020_OL_FB
IO_MOTOR_20_RUN_FB,BIT,M0506,0,0,MOTOR_020_RUN_FB
IO_MOTOR_21_OL_FB,BIT,M0507,0,0,MOTOR_021_OL_FB
IO_MOTOR_21_RUN_FB,BIT,M0508,0,0,MOTOR_021_RUN_FB
IO_MOTOR_22_OL_FB,BIT,M0509,0,0,MOTOR_022_OL_FB
IO_MOTOR_22_RUN_FB,BIT,M0510,0,0,MOTOR_022_RUN_FB
IO_MOTOR_23_OL_FB,BIT,M0511,0,0,MOTOR_023_OL_FB
IO_MOTOR_23_RUN_FB,BIT,M0512,0,0,MOTOR_023_RUN_FB
IO_MOTOR_24_OL_FB,BIT,M0513,0,0,MOTOR_024_OL_FB
IO_MOTOR_24_RUN_FB,BIT,M0514,0,0,MOTOR_024_RUN_FB
IO_MOTOR_25_OL_FB,BIT,M0515,0,0,MOTOR_025_OL_FB
IO_MOTOR_25_RUN_FB,BIT,M0516,0,0,MOTOR_025_RUN_FB
IO_MOTOR_26_OL_FB,BIT,M0517,0,0,MOTOR_026_OL_FB
IO_MOTOR_26_RUN_FB,BIT,M0518,0,0,MOTOR_026_RUN_FB
IO_MOTOR_27_OL_FB,BIT,M0519,0,0,MOTOR_027_OL_FB
IO_MOTOR_27_RUN_FB,BIT,M0520,0,0,MOTOR_027_RUN_FB
IO_MOTOR_28_OL_FB,BIT,M0521,0,0,MOTOR_028_OL_FB
IO_MOTOR_28_RUN_FB,BIT,M0522,0,0,MOTOR_028_RUN_FB
IO_MOTOR_29_OL_FB,BIT,M0523,0,0,MOTOR_029_OL_FB
IO_MOTOR_29_RUN_FB,BIT,M0524,0,0,MOTOR_029_RUN_FB
IO_MOTOR_30_OL_FB,BIT,M0525,0,0,MOTOR_030_OL_FB
IO_MOTOR_30_RUN_FB,BIT,M0526,0,0,MOTOR_030_RUN_FB
IO_MOTOR_31_OL_FB,BIT,M0527,0,0,MOTOR_031_OL_FB
IO_MOTOR_31_RUN_FB,BIT,M0528,0,0,MOTOR_031_RUN_FB
IO_MOTOR_32_OL_FB,BIT,M0529,0,0,MOTOR_032_OL_FB
IO_MOTOR_32_RUN_FB,BIT,M0530,0,0,MOTOR_032_RUN_FB
IO_CYLINDER_01_EXTEND_FB,BIT,M0531,0,0,CYLINDER_001_EXTEND_FB
TM_CYLINDER_01_RETRACT_FB,BIT,M0604,0,0,CYLINDER_001_RETRACT_FB
IO_CYLINDER_02_EXTEND_FB,BIT,M0532,0,0,CYLINDER_002_EXTEND_FB
TM_CYLINDER_02_RETRACT_FB,BIT,M0605,0,0,CYLINDER_002_RETRACT_FB
IO_CYLINDER_03_EXTEND_FB,BIT,M0533,0,0,CYLINDER_003_EXTEND_FB
TM_CYLINDER_03_RETRACT_FB,BIT,M0606,0,0,CYLINDER_003_RETRACT_FB
IO_CYLINDER_04_EXTEND_FB,BIT,M0534,0,0,CYLINDER_004_EXTEND_FB
TM_CYLINDER_04_RETRACT_FB,BIT,M0607,0,0,CYLINDER_004_RETRACT_FB
IO_CYLINDER_05_EXTEND_FB,BIT,M0535,0,0,CYLINDER_005_EXTEND_FB
TM_CYLINDER_05_RETRACT_FB,BIT,M0608,0,0,CYLINDER_005_RETRACT_FB
IO_CYLINDER_06_EXTEND_FB,BIT,M0536,0,0,CYLINDER_006_EXTEND_FB
TM_CYLINDER_06_RETRACT_FB,BIT,M0609,0,0,CYLINDER_006_RETRACT_FB
IO_CYLINDER_07_EXTEND_FB,BIT,M0537,0,0,CYLINDER_007_EXTEND_FB
TM_CYLINDER_07_RETRACT_FB,BIT,M0610,0,0,CYLINDER_007_RETRACT_FB
IO_CYLINDER_08_EXTEND_FB,BIT,M0538,0,0,CYLINDER_008_EXTEND_FB
TM_CYLINDER_08_RETRACT_FB,BIT,M0611,0,0,CYLINDER_008_RETRACT_FB
IO_CYLINDER_09_EXTEND_FB,BIT,M0539,0,0,CYLINDER_009_EXTEND_FB
TM_CYLINDER_09_RETRACT_FB,BIT,M0612,0,0,CYLINDER_009_RETRACT_FB
IO_CYLINDER_10_EXTEND_FB,BIT,M0540,0,0,CYLINDER_010_EXTEND_FB
TM_CYLINDER_10_RETRACT_FB,BIT,M0613,0,0,CYLINDER_010_RETRACT_FB
IO_CYLINDER_11_EXTEND_FB,BIT,M0541,0,0,CYLINDER_011_EXTEND_FB
TM_CYLINDER_11_RETRACT_FB,BIT,M0614,0,0,CYLINDER_011_RETRACT_FB
IO_CYLINDER_12_EXTEND_FB,BIT,M0542,0,0,CYLINDER_012_EXTEND_FB
TM_CYLINDER_12_RETRACT_FB,BIT,M0615,0,0,CYLINDER_012_RETRACT_FB
IO_RAW_FLOW_SWITCH_OK,BIT,M0543,0,0,RAW_FLOW_SWITCH_OK
IO_CHEM_FLOW_SWITCH_OK,BIT,M0544,0,0,CHEM_FLOW_SWITCH_OK
IO_NEUTRAL_IN_001_OK_FB,BIT,M0545,0,0,NEUTRAL_IN_001_OK_FB
IO_RINSE_PUMP_01_RUN_CMD,BIT,M0546,0,0,RINSE_PUMP_001_RUN_CMD
IO_SLUDGE_IN_001_OK_FB,BIT,M0547,0,0,SLUDGE_IN_001_OK_FB
IO_GEN_IN_003_STATUS,BIT,M0548,0,0,GEN_IN_003_STATUS
IO_GEN_IN_004_STATUS,BIT,M0549,0,0,GEN_IN_004_STATUS
IO_GEN_IN_005_STATUS,BIT,M0550,0,0,GEN_IN_005_STATUS
IO_GEN_IN_006_STATUS,BIT,M0551,0,0,GEN_IN_006_STATUS
IO_GEN_IN_007_STATUS,BIT,M0552,0,0,GEN_IN_007_STATUS
IO_GEN_IN_008_STATUS,BIT,M0553,0,0,GEN_IN_008_STATUS
IO_GEN_IN_009_STATUS,BIT,M0554,0,0,GEN_IN_009_STATUS
IO_GEN_IN_010_STATUS,BIT,M0555,0,0,GEN_IN_010_STATUS
IO_GEN_IN_011_STATUS,BIT,M0556,0,0,GEN_IN_011_STATUS
IO_GEN_IN_012_STATUS,BIT,M0557,0,0,GEN_IN_012_STATUS
IO_GEN_IN_013_STATUS,BIT,M0558,0,0,GEN_IN_013_STATUS
IO_GEN_IN_014_STATUS,BIT,M0559,0,0,GEN_IN_014_STATUS
IO_GEN_IN_015_STATUS,BIT,M0560,0,0,GEN_IN_015_STATUS
IO_GEN_IN_016_STATUS,BIT,M0561,0,0,GEN_IN_016_STATUS
IO_GEN_IN_017_STATUS,BIT,M0562,0,0,GEN_IN_017_STATUS
IO_GEN_IN_018_STATUS,BIT,M0563,0,0,GEN_IN_018_STATUS
IO_GEN_IN_019_STATUS,BIT,M0564,0,0,GEN_IN_019_STATUS
IO_GEN_IN_020_STATUS,BIT,M0565,0,0,GEN_IN_020_STATUS
IO_GEN_IN_021_STATUS,BIT,M0566,0,0,GEN_IN_021_STATUS
IO_GEN_IN_022_STATUS,BIT,M0567,0,0,GEN_IN_022_STATUS
IO_GEN_IN_023_STATUS,BIT,M0568,0,0,GEN_IN_023_STATUS
IO_GEN_IN_024_STATUS,BIT,M0569,0,0,GEN_IN_024_STATUS
IO_GEN_IN_025_STATUS,BIT,M0570,0,0,GEN_IN_025_STATUS
IO_GEN_IN_026_STATUS,BIT,M0571,0,0,GEN_IN_026_STATUS
IO_GEN_IN_027_STATUS,BIT,M0572,0,0,GEN_IN_027_STATUS
IO_GEN_IN_028_STATUS,BIT,M0573,0,0,GEN_IN_028_STATUS
IO_GEN_IN_029_STATUS,BIT,M0574,0,0,GEN_IN_029_STATUS
IO_GEN_IN_030_STATUS,BIT,M0575,0,0,GEN_IN_030_STATUS
IO_GEN_IN_031_STATUS,BIT,M0576,0,0,GEN_IN_031_STATUS
IO_GEN_IN_032_STATUS,BIT,M0577,0,0,GEN_IN_032_STATUS
IO_GEN_IN_033_STATUS,BIT,M0578,0,0,GEN_IN_033_STATUS
IO_GEN_IN_034_STATUS,BIT,M0579,0,0,GEN_IN_034_STATUS
IO_GEN_IN_035_STATUS,BIT,M0580,0,0,GEN_IN_035_STATUS
IO_GEN_IN_036_STATUS,BIT,M0581,0,0,GEN_IN_036_STATUS
IO_GEN_IN_037_STATUS,BIT,M0582,0,0,GEN_IN_037_STATUS
IO_GEN_IN_038_STATUS,BIT,M0583,0,0,GEN_IN_038_STATUS
IO_GEN_IN_039_STATUS,BIT,M0584,0,0,GEN_IN_039_STATUS
IO_GEN_IN_040_STATUS,BIT,M0585,0,0,GEN_IN_040_STATUS
IO_GEN_IN_041_STATUS,BIT,M0586,0,0,GEN_IN_041_STATUS
IO_GEN_IN_042_STATUS,BIT,M0587,0,0,GEN_IN_042_STATUS
IO_GEN_IN_043_STATUS,BIT,M0588,0,0,GEN_IN_043_STATUS
IO_GEN_IN_044_STATUS,BIT,M0589,0,0,GEN_IN_044_STATUS
IO_GEN_IN_045_STATUS,BIT,M0590,0,0,GEN_IN_045_STATUS
IO_GEN_IN_046_STATUS,BIT,M0591,0,0,GEN_IN_046_STATUS
IO_GEN_IN_047_STATUS,BIT,M0592,0,0,GEN_IN_047_STATUS
TM_INLET_PUMP_01_RUN_CMD,BIT,M0616,0,0,INLET_PUMP_001_RUN_CMD
IO_CHEM_PUMP_01_RUN_CMD,BIT,M0593,0,0,CHEM_PUMP_001_RUN_CMD
IO_NEUTRAL_PUMP_01_RUN_CMD,BIT,M0594,0,0,NEUTRAL_PUMP_001_RUN_CMD
IO_RINSE_PUMP_02_RUN_CMD,BIT,M0595,0,0,RINSE_PUMP_002_RUN_CMD
IO_SLUDGE_PUMP_01_RUN_CMD,BIT,M0596,0,0,SLUDGE_PUMP_001_RUN_CMD
IO_FINAL_PUMP_01_RUN_CMD,BIT,M0597,0,0,FINAL_PUMP_001_RUN_CMD
TM_INLET_PUMP_02_RUN_CMD,BIT,M0617,0,0,INLET_PUMP_002_RUN_CMD
IO_CHEM_PUMP_02_RUN_CMD,BIT,M0598,0,0,CHEM_PUMP_002_RUN_CMD
IO_NEUTRAL_PUMP_02_RUN_CMD,BIT,M0599,0,0,NEUTRAL_PUMP_002_RUN_CMD
IO_RINSE_PUMP_03_RUN_CMD,BIT,M0950,0,0,RINSE_PUMP_003_RUN_CMD
IO_SLUDGE_PUMP_02_RUN_CMD,BIT,M0951,0,0,SLUDGE_PUMP_002_RUN_CMD
IO_FINAL_PUMP_02_RUN_CMD,BIT,M0952,0,0,FINAL_PUMP_002_RUN_CMD
TM_INLET_PUMP_03_RUN_CMD,BIT,M0618,0,0,INLET_PUMP_003_RUN_CMD
IO_CHEM_PUMP_03_RUN_CMD,BIT,M0953,0,0,CHEM_PUMP_003_RUN_CMD
IO_NEUTRAL_PUMP_03_RUN_CMD,BIT,M0954,0,0,NEUTRAL_PUMP_003_RUN_CMD
IO_RINSE_PUMP_04_RUN_CMD,BIT,M0955,0,0,RINSE_PUMP_004_RUN_CMD
IO_SLUDGE_PUMP_03_RUN_CMD,BIT,M0956,0,0,SLUDGE_PUMP_003_RUN_CMD
IO_FINAL_PUMP_03_RUN_CMD,BIT,M0957,0,0,FINAL_PUMP_003_RUN_CMD
TM_INLET_PUMP_04_RUN_CMD,BIT,M0619,0,0,INLET_PUMP_004_RUN_CMD
IO_CHEM_PUMP_04_RUN_CMD,BIT,M0958,0,0,CHEM_PUMP_004_RUN_CMD
IO_NEUTRAL_PUMP_04_RUN_CMD,BIT,M0959,0,0,NEUTRAL_PUMP_004_RUN_CMD
IO_RINSE_PUMP_05_RUN_CMD,BIT,M0960,0,0,RINSE_PUMP_005_RUN_CMD
IO_SLUDGE_PUMP_04_RUN_CMD,BIT,M0961,0,0,SLUDGE_PUMP_004_RUN_CMD
IO_FINAL_PUMP_04_RUN_CMD,BIT,M0962,0,0,FINAL_PUMP_004_RUN_CMD
TM_INLET_PUMP_05_RUN_CMD,BIT,M0620,0,0,INLET_PUMP_005_RUN_CMD
IO_CHEM_PUMP_05_RUN_CMD,BIT,M0963,0,0,CHEM_PUMP_005_RUN_CMD
IO_NEUTRAL_PUMP_05_RUN_CMD,BIT,M0964,0,0,NEUTRAL_PUMP_005_RUN_CMD
IO_RINSE_PUMP_06_RUN_CMD,BIT,M0965,0,0,RINSE_PUMP_006_RUN_CMD
TM_INLET_VALVE_001_OPEN_CMD,BIT,M0621,0,0,INLET_VALVE_001_OPEN_CMD
IO_CHEM_VALVE_001_OPEN_CMD,BIT,M0966,0,0,CHEM_VALVE_001_OPEN_CMD
IO_NEUTRAL_VALVE_001_OPEN_CMD,BIT,M0967,0,0,NEUTRAL_VALVE_001_OPEN_CMD
IO_RINSE_VALVE_001_OPEN_CMD,BIT,M0968,0,0,RINSE_VALVE_001_OPEN_CMD
IO_SLUDGE_VALVE_001_OPEN_CMD,BIT,M0969,0,0,SLUDGE_VALVE_001_OPEN_CMD
IO_FINAL_VALVE_001_OPEN_CMD,BIT,M0970,0,0,FINAL_VALVE_001_OPEN_CMD
TM_INLET_VALVE_002_OPEN_CMD,BIT,M0622,0,0,INLET_VALVE_002_OPEN_CMD
IO_CHEM_VALVE_002_OPEN_CMD,BIT,M0971,0,0,CHEM_VALVE_002_OPEN_CMD
IO_NEUTRAL_VALVE_002_OPEN_CMD,BIT,M0972,0,0,NEUTRAL_VALVE_002_OPEN_CMD
IO_RINSE_VALVE_002_OPEN_CMD,BIT,M0973,0,0,RINSE_VALVE_002_OPEN_CMD
IO_SLUDGE_VALVE_002_OPEN_CMD,BIT,M0974,0,0,SLUDGE_VALVE_002_OPEN_CMD
IO_FINAL_VALVE_002_OPEN_CMD,BIT,M0975,0,0,FINAL_VALVE_002_OPEN_CMD
TM_INLET_VALVE_003_OPEN_CMD,BIT,M0623,0,0,INLET_VALVE_003_OPEN_CMD
IO_CHEM_VALVE_003_OPEN_CMD,BIT,M0976,0,0,CHEM_VALVE_003_OPEN_CMD
IO_NEUTRAL_VALVE_003_OPEN_CMD,BIT,M0977,0,0,NEUTRAL_VALVE_003_OPEN_CMD
IO_RINSE_VALVE_003_OPEN_CMD,BIT,M0978,0,0,RINSE_VALVE_003_OPEN_CMD
IO_SLUDGE_VALVE_003_OPEN_CMD,BIT,M0979,0,0,SLUDGE_VALVE_003_OPEN_CMD
IO_FINAL_VALVE_003_OPEN_CMD,BIT,M0980,0,0,FINAL_VALVE_003_OPEN_CMD
TM_INLET_VALVE_004_OPEN_CMD,BIT,M0624,0,0,INLET_VALVE_004_OPEN_CMD
IO_CHEM_VALVE_004_OPEN_CMD,BIT,M0981,0,0,CHEM_VALVE_004_OPEN_CMD
IO_NEUTRAL_VALVE_004_OPEN_CMD,BIT,M0982,0,0,NEUTRAL_VALVE_004_OPEN_CMD
IO_RINSE_VALVE_004_OPEN_CMD,BIT,M0983,0,0,RINSE_VALVE_004_OPEN_CMD
IO_SLUDGE_VALVE_004_OPEN_CMD,BIT,M0984,0,0,SLUDGE_VALVE_004_OPEN_CMD
IO_FINAL_VALVE_004_OPEN_CMD,BIT,M0985,0,0,FINAL_VALVE_004_OPEN_CMD
TM_INLET_VALVE_005_OPEN_CMD,BIT,M0625,0,0,INLET_VALVE_005_OPEN_CMD
IO_CHEM_VALVE_005_OPEN_CMD,BIT,M0986,0,0,CHEM_VALVE_005_OPEN_CMD
IO_NEUTRAL_VALVE_005_OPEN_CMD,BIT,M0987,0,0,NEUTRAL_VALVE_005_OPEN_CMD
IO_RINSE_VALVE_005_OPEN_CMD,BIT,M0988,0,0,RINSE_VALVE_005_OPEN_CMD
IO_SLUDGE_VALVE_005_OPEN_CMD,BIT,M0989,0,0,SLUDGE_VALVE_005_OPEN_CMD
IO_FINAL_VALVE_005_OPEN_CMD,BIT,M0990,0,0,FINAL_VALVE_005_OPEN_CMD
TM_INLET_VALVE_006_OPEN_CMD,BIT,M0626,0,0,INLET_VALVE_006_OPEN_CMD
IO_CHEM_VALVE_006_OPEN_CMD,BIT,M0991,0,0,CHEM_VALVE_006_OPEN_CMD
IO_NEUTRAL_VALVE_006_OPEN_CMD,BIT,M0992,0,0,NEUTRAL_VALVE_006_OPEN_CMD
IO_RINSE_VALVE_006_OPEN_CMD,BIT,M0993,0,0,RINSE_VALVE_006_OPEN_CMD
IO_SLUDGE_VALVE_006_OPEN_CMD,BIT,M0994,0,0,SLUDGE_VALVE_006_OPEN_CMD
IO_FINAL_VALVE_006_OPEN_CMD,BIT,M0995,0,0,FINAL_VALVE_006_OPEN_CMD
TM_INLET_VALVE_007_OPEN_CMD,BIT,M0627,0,0,INLET_VALVE_007_OPEN_CMD
IO_CHEM_VALVE_007_OPEN_CMD,BIT,M0996,0,0,CHEM_VALVE_007_OPEN_CMD
IO_NEUTRAL_VALVE_007_OPEN_CMD,BIT,M0997,0,0,NEUTRAL_VALVE_007_OPEN_CMD
IO_RINSE_VALVE_007_OPEN_CMD,BIT,M0998,0,0,RINSE_VALVE_007_OPEN_CMD
IO_SLUDGE_VALVE_007_OPEN_CMD,BIT,M0999,0,0,SLUDGE_VALVE_007_OPEN_CMD
IO_FINAL_VALVE_007_OPEN_CMD,BIT,M1000,0,0,FINAL_VALVE_007_OPEN_CMD
TM_INLET_VALVE_008_OPEN_CMD,BIT,M0628,0,0,INLET_VALVE_008_OPEN_CMD
IO_CHEM_VALVE_008_OPEN_CMD,BIT,M1001,0,0,CHEM_VALVE_008_OPEN_CMD
IO_NEUTRAL_VALVE_008_OPEN_CMD,BIT,M1002,0,0,NEUTRAL_VALVE_008_OPEN_CMD
IO_RINSE_VALVE_008_OPEN_CMD,BIT,M1003,0,0,RINSE_VALVE_008_OPEN_CMD
IO_SLUDGE_VALVE_008_OPEN_CMD,BIT,M1004,0,0,SLUDGE_VALVE_008_OPEN_CMD
IO_FINAL_VALVE_008_OPEN_CMD,BIT,M1005,0,0,FINAL_VALVE_008_OPEN_CMD
TM_INLET_VALVE_009_OPEN_CMD,BIT,M0629,0,0,INLET_VALVE_009_OPEN_CMD
IO_CHEM_VALVE_009_OPEN_CMD,BIT,M1006,0,0,CHEM_VALVE_009_OPEN_CMD
IO_NEUTRAL_VALVE_009_OPEN_CMD,BIT,M1007,0,0,NEUTRAL_VALVE_009_OPEN_CMD
IO_RINSE_VALVE_009_OPEN_CMD,BIT,M1008,0,0,RINSE_VALVE_009_OPEN_CMD
IO_SLUDGE_VALVE_009_OPEN_CMD,BIT,M1009,0,0,SLUDGE_VALVE_009_OPEN_CMD
IO_FINAL_VALVE_009_OPEN_CMD,BIT,M1010,0,0,FINAL_VALVE_009_OPEN_CMD
TM_INLET_VALVE_010_OPEN_CMD,BIT,M0630,0,0,INLET_VALVE_010_OPEN_CMD
IO_CHEM_VALVE_010_OPEN_CMD,BIT,M1011,0,0,CHEM_VALVE_010_OPEN_CMD
IO_NEUTRAL_VALVE_010_OPEN_CMD,BIT,M1012,0,0,NEUTRAL_VALVE_010_OPEN_CMD
IO_RINSE_VALVE_010_OPEN_CMD,BIT,M1013,0,0,RINSE_VALVE_010_OPEN_CMD
IO_SLUDGE_VALVE_010_OPEN_CMD,BIT,M1014,0,0,SLUDGE_VALVE_010_OPEN_CMD
IO_FINAL_VALVE_010_OPEN_CMD,BIT,M1015,0,0,FINAL_VALVE_010_OPEN_CMD
IO_AGITATOR_01_RUN_CMD,BIT,M1016,0,0,AGITATOR_001_RUN_CMD
IO_AGITATOR_02_RUN_CMD,BIT,M1017,0,0,AGITATOR_002_RUN_CMD
IO_AGITATOR_03_RUN_CMD,BIT,M1018,0,0,AGITATOR_003_RUN_CMD
IO_AGITATOR_04_RUN_CMD,BIT,M1019,0,0,AGITATOR_004_RUN_CMD
IO_AGITATOR_05_RUN_CMD,BIT,M1020,0,0,AGITATOR_005_RUN_CMD
IO_AGITATOR_06_RUN_CMD,BIT,M1021,0,0,AGITATOR_006_RUN_CMD
IO_AGITATOR_07_RUN_CMD,BIT,M1022,0,0,AGITATOR_007_RUN_CMD
IO_AGITATOR_08_RUN_CMD,BIT,M1023,0,0,AGITATOR_008_RUN_CMD
IO_CONVEYOR_01_RUN_CMD,BIT,M1024,0,0,CONVEYOR_001_RUN_CMD
IO_CONVEYOR_02_RUN_CMD,BIT,M1025,0,0,CONVEYOR_002_RUN_CMD
IO_CONVEYOR_03_RUN_CMD,BIT,M1026,0,0,CONVEYOR_003_RUN_CMD
IO_CONVEYOR_04_RUN_CMD,BIT,M1027,0,0,CONVEYOR_004_RUN_CMD
IO_CONVEYOR_05_RUN_CMD,BIT,M1028,0,0,CONVEYOR_005_RUN_CMD
IO_CONVEYOR_06_RUN_CMD,BIT,M1029,0,0,CONVEYOR_006_RUN_CMD
IO_CONVEYOR_07_RUN_CMD,BIT,M1030,0,0,CONVEYOR_007_RUN_CMD
IO_CONVEYOR_08_RUN_CMD,BIT,M1031,0,0,CONVEYOR_008_RUN_CMD
IO_CYLINDER_01_EXTEND_CMD,BIT,M1032,0,0,CYLINDER_001_EXTEND_CMD
TM_CYLINDER_01_RETRACT_CMD,BIT,M0631,0,0,CYLINDER_001_RETRACT_CMD
IO_CYLINDER_02_EXTEND_CMD,BIT,M1033,0,0,CYLINDER_002_EXTEND_CMD
TM_CYLINDER_02_RETRACT_CMD,BIT,M0632,0,0,CYLINDER_002_RETRACT_CMD
IO_CYLINDER_03_EXTEND_CMD,BIT,M1034,0,0,CYLINDER_003_EXTEND_CMD
TM_CYLINDER_03_RETRACT_CMD,BIT,M0633,0,0,CYLINDER_003_RETRACT_CMD
IO_CYLINDER_04_EXTEND_CMD,BIT,M1035,0,0,CYLINDER_004_EXTEND_CMD
TM_CYLINDER_04_RETRACT_CMD,BIT,M0634,0,0,CYLINDER_004_RETRACT_CMD
IO_CYLINDER_05_EXTEND_CMD,BIT,M1036,0,0,CYLINDER_005_EXTEND_CMD
TM_CYLINDER_05_RETRACT_CMD,BIT,M0635,0,0,CYLINDER_005_RETRACT_CMD
IO_CYLINDER_06_EXTEND_CMD,BIT,M1037,0,0,CYLINDER_006_EXTEND_CMD
TM_CYLINDER_06_RETRACT_CMD,BIT,M0636,0,0,CYLINDER_006_RETRACT_CMD
IO_CYLINDER_07_EXTEND_CMD,BIT,M1038,0,0,CYLINDER_007_EXTEND_CMD
TM_CYLINDER_07_RETRACT_CMD,BIT,M0637,0,0,CYLINDER_007_RETRACT_CMD
IO_CYLINDER_08_EXTEND_CMD,BIT,M1039,0,0,CYLINDER_008_EXTEND_CMD
TM_CYLINDER_08_RETRACT_CMD,BIT,M0638,0,0,CYLINDER_008_RETRACT_CMD
IO_CYLINDER_09_EXTEND_CMD,BIT,M1040,0,0,CYLINDER_009_EXTEND_CMD
TM_CYLINDER_09_RETRACT_CMD,BIT,M0639,0,0,CYLINDER_009_RETRACT_CMD
IO_CYLINDER_10_EXTEND_CMD,BIT,M1041,0,0,CYLINDER_010_EXTEND_CMD
TM_CYLINDER_10_RETRACT_CMD,BIT,M0640,0,0,CYLINDER_010_RETRACT_CMD
IO_CYLINDER_11_EXTEND_CMD,BIT,M1042,0,0,CYLINDER_011_EXTEND_CMD
TM_CYLINDER_11_RETRACT_CMD,BIT,M0641,0,0,CYLINDER_011_RETRACT_CMD
IO_CYLINDER_12_EXTEND_CMD,BIT,M1043,0,0,CYLINDER_012_EXTEND_CMD
TM_CYLINDER_12_RETRACT_CMD,BIT,M0642,0,0,CYLINDER_012_RETRACT_CMD
IO_BLOWER_001_RUN_CMD,BIT,M1044,0,0,BLOWER_001_RUN_CMD
IO_BLOWER_002_RUN_CMD,BIT,M1045,0,0,BLOWER_002_RUN_CMD
IO_BLOWER_003_RUN_CMD,BIT,M1046,0,0,BLOWER_003_RUN_CMD
IO_BLOWER_004_RUN_CMD,BIT,M1047,0,0,BLOWER_004_RUN_CMD
IO_BLOWER_005_RUN_CMD,BIT,M1048,0,0,BLOWER_005_RUN_CMD
IO_BLOWER_006_RUN_CMD,BIT,M1049,0,0,BLOWER_006_RUN_CMD
IO_BLOWER_007_RUN_CMD,BIT,M1050,0,0,BLOWER_007_RUN_CMD
IO_BLOWER_008_RUN_CMD,BIT,M1051,0,0,BLOWER_008_RUN_CMD
TM_GEN_OUT_001_RUN_CMD,BIT,M0643,0,0,GEN_OUT_001_RUN_CMD
TM_GEN_OUT_002_RUN_CMD,BIT,M0644,0,0,GEN_OUT_002_RUN_CMD
TM_GEN_OUT_003_RUN_CMD,BIT,M0645,0,0,GEN_OUT_003_RUN_CMD
TM_GEN_OUT_004_RUN_CMD,BIT,M0646,0,0,GEN_OUT_004_RUN_CMD
TM_GEN_OUT_005_RUN_CMD,BIT,M0647,0,0,GEN_OUT_005_RUN_CMD
TM_GEN_OUT_006_RUN_CMD,BIT,M0648,0,0,GEN_OUT_006_RUN_CMD
TM_GEN_OUT_007_RUN_CMD,BIT,M0649,0,0,GEN_OUT_007_RUN_CMD
TM_GEN_OUT_008_RUN_CMD,BIT,M0650,0,0,GEN_OUT_008_RUN_CMD
TM_GEN_OUT_009_RUN_CMD,BIT,M0651,0,0,GEN_OUT_009_RUN_CMD
TM_GEN_OUT_010_RUN_CMD,BIT,M0652,0,0,GEN_OUT_010_RUN_CMD
TM_GEN_OUT_011_RUN_CMD,BIT,M0653,0,0,GEN_OUT_011_RUN_CMD
TM_GEN_OUT_012_RUN_CMD,BIT,M0654,0,0,GEN_OUT_012_RUN_CMD
TM_GEN_OUT_013_RUN_CMD,BIT,M0655,0,0,GEN_OUT_013_RUN_CMD
TM_GEN_OUT_014_RUN_CMD,BIT,M0656,0,0,GEN_OUT_014_RUN_CMD
TM_GEN_OUT_015_RUN_CMD,BIT,M0657,0,0,GEN_OUT_015_RUN_CMD
TM_GEN_OUT_016_RUN_CMD,BIT,M0658,0,0,GEN_OUT_016_RUN_CMD
TM_GEN_OUT_017_RUN_CMD,BIT,M0659,0,0,GEN_OUT_017_RUN_CMD
TM_GEN_OUT_018_RUN_CMD,BIT,M0660,0,0,GEN_OUT_018_RUN_CMD
TM_GEN_OUT_019_RUN_CMD,BIT,M0661,0,0,GEN_OUT_019_RUN_CMD
TM_GEN_OUT_020_RUN_CMD,BIT,M0662,0,0,GEN_OUT_020_RUN_CMD
TM_GEN_OUT_021_RUN_CMD,BIT,M0663,0,0,GEN_OUT_021_RUN_CMD
TM_GEN_OUT_022_RUN_CMD,BIT,M0664,0,0,GEN_OUT_022_RUN_CMD
TM_GEN_OUT_023_RUN_CMD,BIT,M0665,0,0,GEN_OUT_023_RUN_CMD
TM_GEN_OUT_024_RUN_CMD,BIT,M0666,0,0,GEN_OUT_024_RUN_CMD
TM_GEN_OUT_025_RUN_CMD,BIT,M0667,0,0,GEN_OUT_025_RUN_CMD
TM_GEN_OUT_026_RUN_CMD,BIT,M0668,0,0,GEN_OUT_026_RUN_CMD
TM_GEN_OUT_027_RUN_CMD,BIT,M0669,0,0,GEN_OUT_027_RUN_CMD
TM_GEN_OUT_028_RUN_CMD,BIT,M0670,0,0,GEN_OUT_028_RUN_CMD
TM_GEN_OUT_029_RUN_CMD,BIT,M0671,0,0,GEN_OUT_029_RUN_CMD
TM_GEN_OUT_030_RUN_CMD,BIT,M0672,0,0,GEN_OUT_030_RUN_CMD
TM_GEN_OUT_031_RUN_CMD,BIT,M0673,0,0,GEN_OUT_031_RUN_CMD
TM_GEN_OUT_032_RUN_CMD,BIT,M0674,0,0,GEN_OUT_032_RUN_CMD
TM_GEN_OUT_033_RUN_CMD,BIT,M0675,0,0,GEN_OUT_033_RUN_CMD
TM_GEN_OUT_034_RUN_CMD,BIT,M0676,0,0,GEN_OUT_034_RUN_CMD
TM_GEN_OUT_035_RUN_CMD,BIT,M0677,0,0,GEN_OUT_035_RUN_CMD
TM_GEN_OUT_036_RUN_CMD,BIT,M0678,0,0,GEN_OUT_036_RUN_CMD
TM_GEN_OUT_037_RUN_CMD,BIT,M0679,0,0,GEN_OUT_037_RUN_CMD
TM_GEN_OUT_038_RUN_CMD,BIT,M0680,0,0,GEN_OUT_038_RUN_CMD
TM_GEN_OUT_039_RUN_CMD,BIT,M0681,0,0,GEN_OUT_039_RUN_CMD
TM_GEN_OUT_040_RUN_CMD,BIT,M0682,0,0,GEN_OUT_040_RUN_CMD
TM_GEN_OUT_041_RUN_CMD,BIT,M0683,0,0,GEN_OUT_041_RUN_CMD
TM_GEN_OUT_042_RUN_CMD,BIT,M0684,0,0,GEN_OUT_042_RUN_CMD
TM_GEN_OUT_043_RUN_CMD,BIT,M0685,0,0,GEN_OUT_043_RUN_CMD
TM_GEN_OUT_044_RUN_CMD,BIT,M0686,0,0,GEN_OUT_044_RUN_CMD
TM_GEN_OUT_045_RUN_CMD,BIT,M0687,0,0,GEN_OUT_045_RUN_CMD
TM_GEN_OUT_046_RUN_CMD,BIT,M0688,0,0,GEN_OUT_046_RUN_CMD
TM_GEN_OUT_047_RUN_CMD,BIT,M0689,0,0,GEN_OUT_047_RUN_CMD
TM_GEN_OUT_048_RUN_CMD,BIT,M0690,0,0,GEN_OUT_048_RUN_CMD
TM_GEN_OUT_049_RUN_CMD,BIT,M0691,0,0,GEN_OUT_049_RUN_CMD
TM_GEN_OUT_050_RUN_CMD,BIT,M0692,0,0,GEN_OUT_050_RUN_CMD
TM_GEN_OUT_051_RUN_CMD,BIT,M0693,0,0,GEN_OUT_051_RUN_CMD
TM_GEN_OUT_052_RUN_CMD,BIT,M0694,0,0,GEN_OUT_052_RUN_CMD
TM_GEN_OUT_053_RUN_CMD,BIT,M0695,0,0,GEN_OUT_053_RUN_CMD
TM_GEN_OUT_054_RUN_CMD,BIT,M0696,0,0,GEN_OUT_054_RUN_CMD
TM_GEN_OUT_055_RUN_CMD,BIT,M0697,0,0,GEN_OUT_055_RUN_CMD
TM_GEN_OUT_056_RUN_CMD,BIT,M0698,0,0,GEN_OUT_056_RUN_CMD
TM_GEN_OUT_057_RUN_CMD,BIT,M0699,0,0,GEN_OUT_057_RUN_CMD
TM_GEN_OUT_058_RUN_CMD,BIT,M1052,0,0,GEN_OUT_058_RUN_CMD
TM_GEN_OUT_059_RUN_CMD,BIT,M1053,0,0,GEN_OUT_059_RUN_CMD
TM_GEN_OUT_060_RUN_CMD,BIT,M1054,0,0,GEN_OUT_060_RUN_CMD
TM_GEN_OUT_061_RUN_CMD,BIT,M1055,0,0,GEN_OUT_061_RUN_CMD
TM_GEN_OUT_062_RUN_CMD,BIT,M1056,0,0,GEN_OUT_062_RUN_CMD
TM_GEN_OUT_063_RUN_CMD,BIT,M1057,0,0,GEN_OUT_063_RUN_CMD
TM_GEN_OUT_064_RUN_CMD,BIT,M1058,0,0,GEN_OUT_064_RUN_CMD
IO_T1_LEVEL_ANALOG_4_20MA,BIT,M1059,0,0,1번 집수조 아날로그 수위 실값 4-20mA 후보
IO_T2_LEVEL_ANALOG_4_20MA,BIT,M1060,0,0,2번 집수조 아날로그 수위 실값 4-20mA 후보
TM_All_Output_Enable,BIT,M1061,0,0,Internal compile helper BOOL generated from ST draft
SYS_Auto_Run_Latch,BIT,M0005,0,0,Internal compile helper BOOL generated from ST draft
TM_Pneumatic_Output_Enable,BIT,M1062,0,0,Internal compile helper BOOL generated from ST draft
AL_Critical_Active,BIT,M0200,0,0,Internal compile helper BOOL generated from ST draft
TM_Reject_Request,BIT,M1063,0,0,Internal compile helper BOOL generated from ST draft
SYS_Safety_OK,BIT,M0006,0,0,Internal compile helper BOOL generated from ST draft
SEQ_Auto_Mode,BIT,M0100,0,0,Internal compile helper BOOL generated from ST draft
SEQ_Manual_Mode,BIT,M0101,0,0,Internal compile helper BOOL generated from ST draft
SYS_Reset_Req,BIT,M0007,0,0,Internal compile helper BOOL generated from ST draft
SYS_HMI_Reset,BIT,M0008,0,0,Internal compile helper BOOL generated from ST draft
SYS_Fault_Latch,BIT,M0009,0,0,Internal compile helper BOOL generated from ST draft
IO_Wash_Permissive,BIT,M1064,0,0,Internal compile helper BOOL generated from ST draft
IO_Rinse_Permissive,BIT,M1065,0,0,Internal compile helper BOOL generated from ST draft
IO_Drain_Permissive,BIT,M1066,0,0,Internal compile helper BOOL generated from ST draft
IO_Dry_Permissive,BIT,M1067,0,0,Internal compile helper BOOL generated from ST draft
IO_Heater_Permissive,BIT,M1068,0,0,Internal compile helper BOOL generated from ST draft
IO_Cylinder_Permissive,BIT,M1069,0,0,Internal compile helper BOOL generated from ST draft
AL_Cause_Clear,BIT,M0201,0,0,Internal compile helper BOOL generated from ST draft
AL_active,BIT,M0202,0,0,Internal compile helper BOOL generated from ST draft
IO_auto_permissive,BIT,M1070,0,0,Internal compile helper BOOL generated from ST draft
AL_001,BIT,M0203,0,0,Alarm latch/helper BOOL generated from alarm_table/ST draft
AL_002,BIT,M0204,0,0,Alarm latch/helper BOOL generated from alarm_table/ST draft
AL_003,BIT,M0205,0,0,Alarm latch/helper BOOL generated from alarm_table/ST draft
AL_004,BIT,M0206,0,0,Alarm latch/helper BOOL generated from alarm_table/ST draft
AL_005,BIT,M0207,0,0,Alarm latch/helper BOOL generated from alarm_table/ST draft
AL_006,BIT,M0208,0,0,Alarm latch/helper BOOL generated from alarm_table/ST draft
AL_007,BIT,M0209,0,0,Alarm latch/helper BOOL generated from alarm_table/ST draft
AL_008,BIT,M0210,0,0,Alarm latch/helper BOOL generated from alarm_table/ST draft
AL_009,BIT,M0211,0,0,Alarm latch/helper BOOL generated from alarm_table/ST draft
AL_010,BIT,M0212,0,0,Alarm latch/helper BOOL generated from alarm_table/ST draft
AL_011,BIT,M0213,0,0,Alarm latch/helper BOOL generated from alarm_table/ST draft
AL_012,BIT,M0214,0,0,Alarm latch/helper BOOL generated from alarm_table/ST draft
AL_013,BIT,M0215,0,0,Alarm latch/helper BOOL generated from alarm_table/ST draft
AL_014,BIT,M0216,0,0,Alarm latch/helper BOOL generated from alarm_table/ST draft
AL_015,BIT,M0217,0,0,Alarm latch/helper BOOL generated from alarm_table/ST draft
TM_T001_DONE,BIT,M1071,0,0,Timer done helper BOOL generated from timer_counter_table/ST draft
TM_T002_DONE,BIT,M1072,0,0,Timer done helper BOOL generated from timer_counter_table/ST draft
TM_T003_DONE,BIT,M1073,0,0,Timer done helper BOOL generated from timer_counter_table/ST draft
TM_T004_DONE,BIT,M1074,0,0,Timer done helper BOOL generated from timer_counter_table/ST draft
TM_T005_DONE,BIT,M1075,0,0,Timer done helper BOOL generated from timer_counter_table/ST draft
TM_T006_DONE,BIT,M1076,0,0,Timer done helper BOOL generated from timer_counter_table/ST draft
TM_T007_DONE,BIT,M1077,0,0,Timer done helper BOOL generated from timer_counter_table/ST draft
TM_T008_DONE,BIT,M1078,0,0,Timer done helper BOOL generated from timer_counter_table/ST draft
AL_ANY_ALARM_CONDITION,BIT,M0218,0,0,Turn8 auto-declared internal variable extracted from ST draft
SYS_AUTO_RUN_LATCH_02,BIT,M0010,0,0,Turn8 auto-declared internal variable extracted from ST draft
IO_CU,BIT,M1079,0,0,Turn8 auto-declared internal variable extracted from ST draft
SYS_FAULT_LATCH_02,BIT,M0011,0,0,Turn8 auto-declared internal variable extracted from ST draft
IO_IN,BIT,M1080,0,0,Turn8 auto-declared internal variable extracted from ST draft
IO_PT,BIT,M1081,0,0,Turn8 auto-declared internal variable extracted from ST draft
IO_Q,BIT,M1082,0,0,Turn8 auto-declared internal variable extracted from ST draft
SYS_SAFETY_OK_02,BIT,M0012,0,0,Turn8 auto-declared internal variable extracted from ST draft
TM_INLET_LEVEL,BIT,M1083,0,0,Turn8 auto-declared internal variable extracted from ST draft
IO_NEUTRAL_TEMP,BIT,M1084,0,0,Turn8 auto-declared internal variable extracted from ST draft
IO_T,BIT,M1085,0,0,Turn8 auto-declared internal variable extracted from ST draft
TM_T_CHEM_DOSING,BIT,M1086,0,0,Turn8 auto-declared internal variable extracted from ST draft
TM_T_FINAL_DISCHARGE,BIT,M1087,0,0,Turn8 auto-declared internal variable extracted from ST draft
TM_T_INLET_TIMEOUT,BIT,M1088,0,0,Turn8 auto-declared internal variable extracted from ST draft
TM_T_MIXING_HOLD,BIT,M1089,0,0,Turn8 auto-declared internal variable extracted from ST draft
TM_T_NEUTRAL_HOLD,BIT,M1090,0,0,Turn8 auto-declared internal variable extracted from ST draft
TM_T_RINSE_HOLD,BIT,M1091,0,0,Turn8 auto-declared internal variable extracted from ST draft
TM_T_SLUDGE_DISCHARGE,BIT,M1092,0,0,Turn8 auto-declared internal variable extracted from ST draft
TM_T_WASH_TIMEOUT,BIT,M1093,0,0,Turn8 auto-declared internal variable extracted from ST draft
IO_agitator_01_run_cmd_02,BIT,M1094,0,0,Turn8 auto-declared internal variable extracted from ST draft
IO_agitator_02_run_cmd_02,BIT,M1095,0,0,Turn8 auto-declared internal variable extracted from ST draft
TM_ai_inlet_tank_level_02,BIT,M1096,0,0,Turn8 auto-declared internal variable extracted from ST draft
IO_ai_neutral_temp_02,BIT,M1097,0,0,Turn8 auto-declared internal variable extracted from ST draft
IO_air_pressure_ok,BIT,M1098,0,0,Turn8 auto-declared internal variable extracted from ST draft
AL_buzzer_cmd,BIT,M0219,0,0,Turn8 auto-declared internal variable extracted from ST draft
SEQ_auto_mode_sel,BIT,M0102,0,0,Turn8 auto-declared internal variable extracted from ST draft
TM_aux_process_output_001_cmd,BIT,M1099,0,0,Turn8 auto-declared internal variable extracted from ST draft
IO_chemical_dosing_pump_02_run_cmd,BIT,M1100,0,0,Turn8 auto-declared internal variable extracted from ST draft
IO_chemical_flow_switch_ok,BIT,M1101,0,0,Turn8 auto-declared internal variable extracted from ST draft
IO_chemical_tank_level_low_ok,BIT,M1102,0,0,Turn8 auto-declared internal variable extracted from ST draft
IO_conveyor_jam_ok,BIT,M1103,0,0,Turn8 auto-declared internal variable extracted from ST draft
SYS_estop_ok_02,BIT,M0013,0,0,Turn8 auto-declared internal variable extracted from ST draft
IO_final_discharge_flow_ok,BIT,M1104,0,0,Turn8 auto-declared internal variable extracted from ST draft
IO_final_discharge_pump_06_run_cmd,BIT,M1105,0,0,Turn8 auto-declared internal variable extracted from ST draft
IO_heater_01_run_cmd,BIT,M1106,0,0,Turn8 auto-declared internal variable extracted from ST draft
IO_heater_overtemp_ok,BIT,M1107,0,0,Turn8 auto-declared internal variable extracted from ST draft
TM_inlet_feed_pump_01_run_cmd,BIT,M1108,0,0,Turn8 auto-declared internal variable extracted from ST draft
TM_inlet_tank_level_high,BIT,M1109,0,0,Turn8 auto-declared internal variable extracted from ST draft
TM_inlet_tank_level_low_ok_02,BIT,M1110,0,0,Turn8 auto-declared internal variable extracted from ST draft
TM_inlet_valve_01_open_cmd,BIT,M1111,0,0,Turn8 auto-declared internal variable extracted from ST draft
TM_leak_detect_ok_02,BIT,M1112,0,0,Turn8 auto-declared internal variable extracted from ST draft
SYS_neutral_mixer_guard_ok,BIT,M0014,0,0,Turn8 auto-declared internal variable extracted from ST draft
IO_neutral_tank_level_low_ok_02,BIT,M1113,0,0,Turn8 auto-declared internal variable extracted from ST draft
IO_ph_in_range_02,BIT,M1114,0,0,Turn8 auto-declared internal variable extracted from ST draft
SYS_reset_pb_02,BIT,M0015,0,0,Turn8 auto-declared internal variable extracted from ST draft
IO_rinse_circulation_pump_04_run_cmd,BIT,M1115,0,0,Turn8 auto-declared internal variable extracted from ST draft
IO_rinse_circulation_pump_10_run_cmd,BIT,M1116,0,0,Turn8 auto-declared internal variable extracted from ST draft
IO_rinse_pump_dryrun_ok,BIT,M1117,0,0,Turn8 auto-declared internal variable extracted from ST draft
IO_rinse_tank_level_low_ok_02,BIT,M1118,0,0,Turn8 auto-declared internal variable extracted from ST draft
SYS_safety_door_01_closed,BIT,M0016,0,0,Turn8 auto-declared internal variable extracted from ST draft
SYS_safety_door_02_closed,BIT,M0017,0,0,Turn8 auto-declared internal variable extracted from ST draft
IO_screw_clog_ok,BIT,M1119,0,0,Turn8 auto-declared internal variable extracted from ST draft
IO_sludge_line_pressure_ok_02,BIT,M1120,0,0,Turn8 auto-declared internal variable extracted from ST draft
IO_sludge_screw_torque_ok,BIT,M1121,0,0,Turn8 auto-declared internal variable extracted from ST draft
TM_start_pb_02,BIT,M1122,0,0,Turn8 auto-declared internal variable extracted from ST draft
SYS_stop_pb_02,BIT,M0018,0,0,Turn8 auto-declared internal variable extracted from ST draft
